id,name,model_id:id,group_id:id,perm_read,perm_write,perm_create,perm_unlink
access_account_asset_location_user,account.asset.location,model_account_asset_location,account_asset_management.group_asset_user,1,0,0,0
access_account_asset_location_manager,account.asset.location,model_account_asset_location,account_asset_management.group_asset_manager,1,1,1,1
access_account_asset_location_move_user,account.asset.location.move,model_account_asset_location_move,account_asset_management.group_asset_user,1,1,1,0
access_account_asset_location_move_manager,account.asset.location.move,model_account_asset_location_move,account_asset_management.group_asset_manager,1,1,1,1
