<?xml version="1.0" encoding="utf-8"?>
<odoo>
  <data noupdate="0">

    <record id="account_asset_profile_multi_company_rule" model="ir.rule">
      <field name="name">Account Asset Profile multi-company</field>
      <field ref="model_account_asset_profile" name="model_id"/>
      <field eval="True" name="global"/>
      <field name="domain_force">['|', ('company_id', '=', False), ('company_id', 'child_of', [user.company_id.id])]</field>
    </record>

    <record id="account_asset_multi_company_rule" model="ir.rule">
      <field name="name">Account Asset multi-company</field>
      <field ref="model_account_asset" name="model_id"/>
      <field eval="True" name="global"/>
      <field name="domain_force">['|', ('company_id', '=', False), ('company_id', 'child_of', [user.company_id.id])]</field>
    </record>

    <record id="module_category_asset_management" model="ir.module.category">
        <field name="name">Asset Management</field>
        <field name="sequence">22</field>
    </record>

    <record id="group_asset_user" model="res.groups">
        <field name="name">Assets Officer</field>
        <field name="category_id" ref="module_category_asset_management"/>
        <field name="implied_ids" eval="[(4, ref('base.group_user'))]"/>
    </record>

    <record id="group_asset_manager" model="res.groups">
        <field name="name">Assets Manager</field>
        <field name="category_id" ref="module_category_asset_management"/>
        <field name="implied_ids" eval="[(4, ref('account_asset_management.group_asset_user'))]"/>
    </record>

  </data>
</odoo>
